cd,estimate,sd,q025,q975,pop
AK-00,0.78296185,0.033474687,0.7129336,0.84682935,771777.0
AL-01,0.82130444,0.022939846,0.77339417,0.8653873,760354.0
AL-02,0.7832306,0.027265778,0.7260985,0.83540106,703340.0
AL-03,0.81976676,0.023081763,0.7720791,0.86395645,737627.0
AL-04,0.83422536,0.021862589,0.78868616,0.876427,735273.0
AL-05,0.81346744,0.0235027,0.76513606,0.85877466,773839.0
AL-06,0.8105932,0.02389459,0.7610045,0.8566001,728180.0
AL-07,0.7783624,0.027579743,0.72049624,0.8310303,718917.0
AR-01,0.84488136,0.024416879,0.79989046,0.8944656,762586.0
AR-02,0.83268106,0.025617527,0.7860223,0.8841786,773170.0
AR-03,0.85416704,0.023306036,0.81126535,0.9008673,820072.0
AR-04,0.8381374,0.025151487,0.79187846,0.88894993,756295.0
AZ-01,0.73868775,0.028081125,0.6811422,0.7939023,819917.0
AZ-02,0.76749986,0.026575223,0.71172404,0.81910145,903804.0
AZ-03,0.764321,0.02846067,0.70549864,0.81796,835284.0
AZ-04,0.75924486,0.026760982,0.7037291,0.81199884,795543.0
AZ-05,0.76509285,0.026542876,0.7101629,0.81693107,902045.0
AZ-06,0.74584407,0.027667629,0.6890498,0.80031466,834008.0
AZ-07,0.7591515,0.028380584,0.7005043,0.81343204,813344.0
AZ-08,0.75851923,0.026872259,0.7031004,0.81131566,815907.0
AZ-09,0.76631594,0.026715642,0.71065986,0.8184522,915801.0
CA-01,0.7913738,0.016972896,0.7575373,0.8236144,759313.0
CA-02,0.7667264,0.01778764,0.7314618,0.80105275,753545.0
CA-03,0.7736611,0.01748533,0.7394362,0.8070561,807237.0
CA-04,0.7709934,0.017673519,0.73597354,0.8050055,763739.0
CA-05,0.7781403,0.017407065,0.7432349,0.81144834,772856.0
CA-06,0.7801541,0.01738642,0.7456773,0.8131798,761736.0
CA-07,0.76945543,0.018403621,0.7323928,0.8044407,765977.0
CA-08,0.76427346,0.018587193,0.72690976,0.799426,750632.0
CA-09,0.78113705,0.01826654,0.7446238,0.81558853,784684.0
CA-10,0.7591022,0.018700361,0.7219454,0.79507095,773752.0
CA-11,0.7555568,0.019628288,0.71586317,0.7927902,731933.0
CA-12,0.74633527,0.01896387,0.7088378,0.7827308,758276.0
CA-13,0.7886199,0.019333974,0.749537,0.82510865,805411.0
CA-14,0.7641457,0.020536706,0.7224467,0.802538,728910.0
CA-15,0.76173097,0.020079963,0.7210913,0.799626,723610.0
CA-16,0.7547767,0.019876296,0.71435475,0.79260516,751903.0
CA-17,0.762136,0.023625601,0.71291155,0.80618805,763050.0
CA-18,0.78214544,0.019176813,0.74398434,0.8183747,766446.0
CA-19,0.7603448,0.01834839,0.72381073,0.7954159,741670.0
CA-20,0.78493816,0.017566409,0.75026834,0.8183605,816301.0
CA-21,0.7838574,0.019531041,0.7447625,0.82058144,781030.0
CA-22,0.78852814,0.01996001,0.74785846,0.8255612,801190.0
CA-23,0.77818286,0.0182783,0.74210757,0.81312746,758159.0
CA-24,0.76745844,0.018041285,0.73196363,0.8021709,759754.0
CA-25,0.7728706,0.01982182,0.73281157,0.81002444,792547.0
CA-26,0.7689597,0.01820003,0.7329443,0.80368847,752072.0
CA-27,0.7710861,0.018410383,0.73467565,0.8061482,748947.0
CA-28,0.7534874,0.02039251,0.71189713,0.7920617,750473.0
CA-29,0.7767937,0.019176364,0.73848945,0.8126757,724188.0
CA-30,0.7622335,0.017783172,0.7271377,0.7962173,742465.0
CA-31,0.77212906,0.019610543,0.7323274,0.8087999,724902.0
CA-32,0.7567529,0.01811938,0.72096944,0.7917826,763383.0
CA-33,0.7758951,0.019497419,0.7370532,0.8125831,783085.0
CA-34,0.77125376,0.019702297,0.7314669,0.8080063,757957.0
CA-35,0.776076,0.019386485,0.7375219,0.812452,764991.0
CA-36,0.7484401,0.018687006,0.7116561,0.7844878,755979.0
CA-37,0.7562413,0.019646171,0.7173081,0.79424596,745172.0
CA-38,0.7645023,0.020081203,0.72368735,0.80232304,723153.0
CA-39,0.7747702,0.019451728,0.7360156,0.8116677,781393.0
CA-40,0.760049,0.01836976,0.72328067,0.795402,744040.0
CA-41,0.76871014,0.018099545,0.73302513,0.803468,824261.0
CA-42,0.77333724,0.019496093,0.73449683,0.80993474,722832.0
CA-43,0.7576768,0.020159451,0.71765494,0.79622966,719904.0
CA-44,0.7641771,0.01958957,0.72581285,0.8013819,745315.0
CA-45,0.76992434,0.020387465,0.7284221,0.8079909,741955.0
CA-46,0.7821548,0.019353015,0.7433482,0.8183309,763482.0
CA-47,0.75935423,0.018925158,0.7215614,0.7953412,756374.0
CA-48,0.7790231,0.01743208,0.74439096,0.8121587,768427.0
CA-49,0.7621465,0.017901612,0.72692204,0.7967483,748742.0
CA-50,0.75468904,0.018321365,0.7185238,0.7899972,760799.0
CA-51,0.76639175,0.017851476,0.7304301,0.8003579,766663.0
CA-52,0.7707796,0.019403776,0.73231953,0.80729043,756424.0
CO-01,0.735741,0.027782883,0.6745654,0.7862986,737571.0
CO-02,0.73323005,0.027784593,0.6728673,0.7835542,728480.0
CO-03,0.7508579,0.026969194,0.69064236,0.79919124,742989.0
CO-04,0.75129426,0.026822714,0.69231355,0.7999585,789556.0
CO-05,0.75383186,0.026666915,0.69488543,0.8015611,745429.0
CO-06,0.73894197,0.027634697,0.677946,0.78923166,730105.0
CO-07,0.7427273,0.027178006,0.68320394,0.7918429,728169.0
CO-08,0.7645471,0.026668513,0.705634,0.81204695,757121.0
CT-01,0.7751528,0.025984196,0.72295105,0.8256438,734982.0
CT-02,0.7888584,0.024844335,0.7386336,0.8372695,731322.0
CT-03,0.77452016,0.025959983,0.7219704,0.8247723,741632.0
CT-04,0.7678318,0.026657445,0.7141174,0.82012206,739349.0
CT-05,0.7805852,0.0255409,0.72887915,0.8300846,727997.0
DC-98,0.6941377,0.055610668,0.57089955,0.7907212,702518.0
DE-00,0.7941641,0.03056148,0.7284321,0.8529748,1051959.0
FL-01,0.807026,0.01820615,0.76826394,0.8400322,818627.0
FL-02,0.7927059,0.01906728,0.7518745,0.82738763,819069.0
FL-03,0.7976272,0.018628366,0.7577264,0.8313337,845704.0
FL-04,0.78751475,0.019867232,0.7446579,0.8240043,842174.0
FL-05,0.7890309,0.019197501,0.74799603,0.82398593,852368.0
FL-06,0.79623485,0.018830933,0.7559321,0.83025545,834655.0
FL-07,0.7908352,0.019110223,0.7504571,0.8257123,813166.0
FL-08,0.789667,0.019098682,0.7489854,0.8240887,831277.0
FL-09,0.781982,0.021068262,0.73630494,0.82022667,909835.0
FL-10,0.7823166,0.020092791,0.73910004,0.81891996,802579.0
FL-11,0.7834599,0.019501612,0.74196476,0.8187895,893476.0
FL-12,0.80376124,0.018485317,0.76438636,0.83714145,871025.0
FL-13,0.7916852,0.018989546,0.751594,0.8260946,762922.0
FL-14,0.78075445,0.019886794,0.7380957,0.817101,826754.0
FL-15,0.79202116,0.019245407,0.75066304,0.82711756,835432.0
FL-16,0.7887446,0.019288344,0.7478028,0.8238484,882634.0
FL-17,0.7869565,0.01943264,0.7456755,0.8220409,876680.0
FL-18,0.79701024,0.01926871,0.75571775,0.8319643,884254.0
FL-19,0.7792605,0.01986665,0.73719573,0.8153793,827867.0
FL-20,0.7577295,0.022698766,0.7095265,0.7991401,818464.0
FL-21,0.7802889,0.019675842,0.73851174,0.815916,858841.0
FL-22,0.77184564,0.02045225,0.72800684,0.808919,804325.0
FL-23,0.7728558,0.020140978,0.7301182,0.8096614,803072.0
FL-24,0.75615317,0.022469254,0.7079501,0.7972259,830140.0
FL-25,0.7717553,0.021213388,0.7262108,0.810395,807005.0
FL-26,0.77514833,0.023029322,0.72716695,0.81698483,851023.0
FL-27,0.75974184,0.024048178,0.71020025,0.8038036,788663.0
FL-28,0.7733226,0.023352612,0.72465056,0.8158442,791639.0
GA-01,0.7969478,0.021416115,0.75254446,0.83574146,806527.0
GA-02,0.77472365,0.023998627,0.72450024,0.81906474,757237.0
GA-03,0.79940146,0.021222986,0.7554617,0.83796,799779.0
GA-04,0.7625848,0.024484562,0.7110773,0.8080561,759723.0
GA-05,0.7577246,0.024654407,0.70640135,0.80317634,771919.0
GA-06,0.74915546,0.025315942,0.6968988,0.79609185,803622.0
GA-07,0.7924199,0.022176983,0.7461173,0.8331978,815664.0
GA-08,0.79728985,0.021749299,0.75230443,0.8368086,787859.0
GA-09,0.8051715,0.020929342,0.76102644,0.8434426,828867.0
GA-10,0.7988033,0.02123434,0.7548937,0.8372396,835723.0
GA-11,0.80169255,0.021111386,0.7574996,0.84058183,811649.0
GA-12,0.7905984,0.022275187,0.7440125,0.8313917,786389.0
GA-13,0.75917464,0.02486497,0.7079442,0.8051833,820455.0
GA-14,0.8151006,0.0202142,0.77266246,0.85187316,795540.0
HI-01,0.75999856,0.037770323,0.6798171,0.8300165,788658.0
HI-02,0.7707593,0.03492339,0.696875,0.8352268,834691.0
IA-01,0.7768557,0.0269481,0.71877235,0.8259114,804653.0
IA-02,0.77800775,0.026927259,0.71992934,0.8269442,797275.0
IA-03,0.773349,0.027346894,0.7146066,0.823104,837847.0
IA-04,0.7797854,0.026913837,0.72172105,0.828452,801500.0
ID-01,0.7681066,0.0322246,0.6964102,0.8240736,1033764.0
ID-02,0.76392,0.032492477,0.6912158,0.8206017,967967.0
IL-01,0.6929401,0.028306995,0.634259,0.7442994,735217.0
IL-02,0.69499356,0.028614895,0.6363599,0.7469906,732314.0
IL-03,0.7368285,0.026187658,0.6809538,0.7835406,732739.0
IL-04,0.73777694,0.028095739,0.6777703,0.7874558,712060.0
IL-05,0.73033494,0.0252472,0.6766482,0.77574,773670.0
IL-06,0.7388459,0.024765559,0.68657047,0.78359854,764437.0
IL-07,0.6969353,0.027932046,0.63851345,0.7476939,761127.0
IL-08,0.74222374,0.025256911,0.6890413,0.7876562,752540.0
IL-09,0.7207681,0.025836645,0.6663085,0.7674179,740405.0
IL-10,0.7317494,0.02551137,0.67759544,0.77804834,749734.0
IL-11,0.7357666,0.0251041,0.6834189,0.78138703,766547.0
IL-12,0.76215804,0.023541162,0.7134283,0.8040601,745851.0
IL-13,0.736872,0.02485126,0.6849343,0.7812506,741856.0
IL-14,0.743312,0.024843486,0.69046235,0.78793377,766543.0
IL-15,0.76161146,0.023516206,0.7127579,0.8034789,739138.0
IL-16,0.7612327,0.02362002,0.71219194,0.8032028,752718.0
IL-17,0.7468957,0.024553388,0.6958374,0.7907095,743467.0
IN-01,0.77385,0.024760362,0.725097,0.82360345,760476.0
IN-02,0.79638875,0.02316397,0.7508965,0.842717,751805.0
IN-03,0.80190855,0.022681858,0.75775933,0.84698105,774663.0
IN-04,0.7973591,0.022918131,0.752765,0.84320235,788977.0
IN-05,0.78772086,0.023441836,0.74247646,0.83476806,791240.0
IN-06,0.8010759,0.02269913,0.75690544,0.84642404,777102.0
IN-07,0.7611521,0.025968764,0.70982707,0.8130006,757175.0
IN-08,0.80279005,0.022530803,0.75930315,0.8476979,758354.0
IN-09,0.80114096,0.022565195,0.75786877,0.8459588,764250.0
KS-01,0.8015763,0.026985543,0.75126314,0.8558189,731411.0
KS-02,0.798653,0.02725431,0.7475647,0.8536748,739200.0
KS-03,0.7826609,0.028676787,0.72923034,0.84090155,754035.0
KS-04,0.7981035,0.027317835,0.7467023,0.85352385,745879.0
KY-01,0.83266145,0.022106651,0.78538185,0.87522525,768405.0
KY-02,0.835447,0.021818798,0.7889427,0.8774877,775347.0
KY-03,0.8085166,0.024064843,0.7567214,0.8549289,763945.0
KY-04,0.83665025,0.021724707,0.78968596,0.8780764,776110.0
KY-05,0.8431622,0.02136893,0.7970906,0.88399744,772551.0
KY-06,0.82420355,0.022670953,0.7755322,0.86779,777325.0
LA-01,0.82217646,0.0249325,0.7739196,0.8730145,798550.0
LA-02,0.7891612,0.028670426,0.73345757,0.84786546,736229.0
LA-03,0.82537,0.024789607,0.7770867,0.8758497,777815.0
LA-04,0.8240866,0.024794767,0.7758238,0.87461674,767411.0
LA-05,0.8172812,0.025538914,0.7674573,0.86942613,763961.0
LA-06,0.79184896,0.028851034,0.7356244,0.850808,753613.0
MA-01,0.7842563,0.024639873,0.7336638,0.83160394,779946.0
MA-02,0.7756588,0.025025161,0.7254163,0.82361615,801932.0
MA-03,0.78344727,0.024899296,0.73278093,0.8306271,792172.0
MA-04,0.7775391,0.024896843,0.72732466,0.82516223,802351.0
MA-05,0.7655116,0.02591115,0.71326387,0.8151996,790991.0
MA-06,0.7733936,0.025251683,0.7229604,0.82180333,796608.0
MA-07,0.76254064,0.02618824,0.7086607,0.81291324,792910.0
MA-08,0.7674102,0.025546074,0.7160989,0.81626654,785102.0
MA-09,0.7767795,0.02497107,0.7262617,0.8252426,797322.0
MD-01,0.79269046,0.02365494,0.7409985,0.8346453,791828.0
MD-02,0.768073,0.025432238,0.7126269,0.81324923,783072.0
MD-03,0.7734322,0.025038775,0.7185279,0.8181549,782813.0
MD-04,0.7383103,0.028733542,0.67578614,0.78949314,763408.0
MD-05,0.75275284,0.026600203,0.6952727,0.80020154,805327.0
MD-06,0.7918118,0.023977846,0.7393693,0.8341636,821653.0
MD-07,0.7527965,0.027575407,0.69279766,0.8023557,741555.0
MD-08,0.75515115,0.0265783,0.6979783,0.80273193,773402.0
ME-01,0.778331,0.031804677,0.7100552,0.83748204,707680.0
ME-02,0.7950267,0.030420274,0.7296158,0.8514157,697214.0
MI-01,0.78953296,0.021011174,0.7474893,0.8300857,787656.0
MI-02,0.7973753,0.020646295,0.75593585,0.8371238,789195.0
MI-03,0.78236717,0.021587173,0.7391176,0.82398844,791156.0
MI-04,0.7880068,0.021154916,0.7456235,0.8285777,785326.0
MI-05,0.7952923,0.020764261,0.7532952,0.83523935,775211.0
MI-06,0.7626082,0.022737894,0.71768385,0.8070816,768984.0
MI-07,0.7849647,0.021215618,0.74259275,0.8260834,792603.0
MI-08,0.7831329,0.021536503,0.7392389,0.82466805,769274.0
MI-09,0.7978365,0.020579206,0.7561948,0.83742416,782419.0
MI-10,0.7820336,0.021612963,0.7387538,0.8236353,775276.0
MI-11,0.7612706,0.022724424,0.7162246,0.8057456,787152.0
MI-12,0.74544823,0.025273329,0.6949471,0.79533076,751670.0
MI-13,0.75290734,0.025028849,0.70261955,0.8019283,784586.0
MN-01,0.7390743,0.033546858,0.665857,0.79406,718068.0
MN-02,0.72645384,0.034474287,0.6507648,0.78328234,745975.0
MN-03,0.71132517,0.03525728,0.6342605,0.76961464,710629.0
MN-04,0.7179088,0.035027757,0.6410567,0.77592784,708457.0
MN-05,0.7096814,0.03563975,0.6324557,0.7690278,707252.0
MN-06,0.74081016,0.033477448,0.6672698,0.7958723,755040.0
MN-07,0.7457943,0.03319304,0.67347664,0.80003226,722404.0
MN-08,0.7426709,0.033150632,0.67003435,0.7967066,727354.0
MO-01,0.72737736,0.027023524,0.6716118,0.7793807,743100.0
MO-02,0.7681041,0.023364138,0.71903807,0.8125285,773870.0
MO-03,0.78306836,0.022334382,0.73553646,0.8255119,799866.0
MO-04,0.7917687,0.021963455,0.7452535,0.8330351,784159.0
MO-05,0.76216733,0.023971949,0.71176344,0.80793995,776461.0
MO-06,0.7912058,0.02197127,0.7444244,0.8327147,788849.0
MO-07,0.7933,0.021797242,0.7472523,0.8342608,802980.0
MO-08,0.793202,0.021927271,0.74628174,0.8346927,781267.0
MS-01,0.78971857,0.02978111,0.72106063,0.83865106,753742.0
MS-02,0.74462694,0.035058334,0.664123,0.80178964,694687.0
MS-03,0.7793572,0.03070462,0.70846486,0.829895,734712.0
MS-04,0.79613906,0.029125663,0.7289486,0.84365374,759792.0
MT-01,0.7611195,0.034525223,0.6847953,0.8267145,579148.0
MT-02,0.77242225,0.03367303,0.69828063,0.8356732,558573.0
NC-01,0.77539086,0.02410476,0.7241357,0.81986964,753452.0
NC-02,0.77660906,0.023372497,0.7269885,0.8191444,790783.0
NC-03,0.7979028,0.02187614,0.7509192,0.8374572,775222.0
NC-04,0.7730532,0.023690883,0.7230214,0.8160256,804331.0
NC-05,0.8005885,0.021673106,0.7538081,0.8396061,755187.0
NC-06,0.79813117,0.021881599,0.75064665,0.83778167,794209.0
NC-07,0.79124147,0.022234023,0.7436452,0.8315587,805789.0
NC-08,0.7954262,0.021957614,0.7478172,0.8354273,788849.0
NC-09,0.7984169,0.021914702,0.75124204,0.83823484,790291.0
NC-10,0.7982256,0.021791387,0.7510408,0.83796227,787542.0
NC-11,0.8060216,0.021374963,0.7592655,0.84510916,770847.0
NC-12,0.7708646,0.024278786,0.71917844,0.81517637,801631.0
NC-13,0.7978222,0.021913119,0.7505654,0.8375057,835043.0
NC-14,0.8002692,0.021591399,0.7536008,0.8397474,792824.0
ND-00,0.8033598,0.030062767,0.74606663,0.8652063,796604.0
NE-01,0.77725625,0.031761065,0.707246,0.8350817,672885.0
NE-02,0.76712906,0.032828625,0.6950107,0.8267635,682583.0
NE-03,0.78225505,0.03148284,0.7132026,0.8394203,650261.0
NH-01,0.76311624,0.036624003,0.67723924,0.82318604,709268.0
NH-02,0.7638443,0.036563884,0.6782869,0.82384586,700156.0
NJ-01,0.7707321,0.025240673,0.7183474,0.81769675,784107.0
NJ-02,0.77906793,0.024759423,0.7275935,0.8255269,794132.0
NJ-03,0.7654393,0.025453761,0.71269804,0.8134089,795592.0
NJ-04,0.78503734,0.024309807,0.73437756,0.83110684,795130.0
NJ-05,0.7594738,0.026157549,0.70532924,0.80880755,794124.0
NJ-06,0.76665276,0.025928713,0.71284294,0.8150731,786852.0
NJ-07,0.7658523,0.025451394,0.71305823,0.81396186,789395.0
NJ-08,0.7718299,0.026739312,0.715157,0.82159704,780400.0
NJ-09,0.7755563,0.02601095,0.7209602,0.82384515,772304.0
NJ-10,0.73561704,0.029194662,0.6751735,0.7900865,800235.0
NJ-11,0.7609431,0.025870096,0.70775735,0.8095628,800047.0
NJ-12,0.75624317,0.026852058,0.70008516,0.80644554,808411.0
NM-01,0.74351364,0.032420393,0.6767776,0.8049493,714162.0
NM-02,0.75657445,0.032562993,0.6893306,0.817473,711443.0
NM-03,0.7603481,0.03139465,0.69451326,0.81997055,739622.0
NV-01,0.7556223,0.03323877,0.6839046,0.8169001,793572.0
NV-02,0.7650364,0.03194263,0.69561166,0.8236645,802958.0
NV-03,0.75209785,0.033058733,0.680032,0.8136798,840861.0
NV-04,0.7512093,0.03366114,0.67799366,0.8134923,833068.0
NY-01,0.76266456,0.022440791,0.71711224,0.8040743,782048.0
NY-02,0.7668654,0.022827348,0.720488,0.8087797,777587.0
NY-03,0.75136256,0.023789207,0.70323896,0.796067,775762.0
NY-04,0.7428224,0.023639012,0.6949195,0.7867966,777460.0
NY-05,0.7283029,0.025463123,0.676392,0.7765862,767073.0
NY-06,0.7642818,0.025420047,0.7112614,0.8114769,726983.0
NY-07,0.77001935,0.022870217,0.72348773,0.81289464,778244.0
NY-08,0.73052603,0.02519961,0.6798118,0.7779776,739419.0
NY-09,0.7319367,0.024769587,0.681708,0.77862644,711715.0
NY-10,0.7609824,0.023065891,0.71426105,0.8037855,757268.0
NY-11,0.7724351,0.022513995,0.7268183,0.81405693,759700.0
NY-12,0.734304,0.024269352,0.68532026,0.77969396,754444.0
NY-13,0.73849225,0.02561125,0.68572074,0.78640175,747658.0
NY-14,0.7595827,0.024808249,0.70851225,0.8054447,737479.0
NY-15,0.7405558,0.026476339,0.6866078,0.78972936,754452.0
NY-16,0.733897,0.02434711,0.6846154,0.77919716,773498.0
NY-17,0.75808877,0.022915894,0.7116472,0.8002756,783178.0
NY-18,0.7678987,0.022311576,0.7226453,0.80899423,791197.0
NY-19,0.7773924,0.021528168,0.7332436,0.8169812,776407.0
NY-20,0.76627886,0.022103647,0.7208878,0.8070091,790819.0
NY-21,0.7900464,0.02100191,0.74683994,0.8282207,767818.0
NY-22,0.7738234,0.021798972,0.7294704,0.8136178,765333.0
NY-23,0.7862954,0.02122185,0.74266666,0.8247361,773659.0
NY-24,0.79014504,0.021003976,0.74692976,0.8282594,772842.0
NY-25,0.7619186,0.022487616,0.71634626,0.8030233,768543.0
NY-26,0.76611567,0.022226721,0.7208948,0.8069744,760763.0
OH-01,0.7814177,0.02378723,0.7362713,0.8295398,809812.0
OH-02,0.8162982,0.021293787,0.7753328,0.8599481,812951.0
OH-03,0.7724968,0.02471534,0.7261164,0.8220793,787293.0
OH-04,0.80899835,0.021671649,0.7673062,0.8536836,810074.0
OH-05,0.80757403,0.021796597,0.7662411,0.852942,800333.0
OH-06,0.80516994,0.022048011,0.76283133,0.85051584,793305.0
OH-07,0.79974246,0.022254994,0.7572659,0.845939,789395.0
OH-08,0.7963475,0.022551391,0.7536078,0.84202874,791194.0
OH-09,0.7971054,0.02256081,0.75441283,0.84342265,776198.0
OH-10,0.7905061,0.022945942,0.74721205,0.8370168,790946.0
OH-11,0.7515956,0.02685869,0.70044696,0.8055785,759272.0
OH-12,0.81099015,0.021558845,0.7694056,0.85532343,812667.0
OH-13,0.7929757,0.022782598,0.74978095,0.8392744,784965.0
OH-14,0.80285686,0.022061387,0.7606952,0.8486491,785592.0
OH-15,0.8022095,0.022226559,0.75983274,0.8478058,822958.0
OK-01,0.8003085,0.028613186,0.73653525,0.8470305,829496.0
OK-02,0.80584174,0.02851449,0.74307966,0.852901,817506.0
OK-03,0.80728865,0.028323969,0.7441865,0.85350174,796982.0
OK-04,0.8054646,0.02811227,0.7423192,0.85123956,819547.0
OK-05,0.79291946,0.029037036,0.7284132,0.8404534,836446.0
OR-01,0.7289235,0.031170819,0.66053396,0.7819671,717097.0
OR-02,0.74595505,0.030391835,0.6803854,0.79723054,704731.0
OR-03,0.73523575,0.030784415,0.66810983,0.78740513,700356.0
OR-04,0.7390363,0.03056073,0.6724126,0.79115343,713359.0
OR-05,0.73885524,0.030546365,0.6718407,0.7912003,717262.0
OR-06,0.7416014,0.030665504,0.67490894,0.793536,721521.0
PA-01,0.79584765,0.021462128,0.7536598,0.8378327,768126.0
PA-02,0.78914773,0.022937266,0.74404734,0.8340181,738511.0
PA-03,0.7456876,0.026418416,0.6936147,0.79664475,767660.0
PA-04,0.78614706,0.02202333,0.7425138,0.8292482,786156.0
PA-05,0.77833414,0.023024349,0.73369473,0.8232813,768237.0
PA-06,0.7915395,0.021895675,0.7485229,0.83439046,795973.0
PA-07,0.8008688,0.021327434,0.7592371,0.84257746,788415.0
PA-08,0.80415905,0.021079855,0.7622829,0.8451848,773145.0
PA-09,0.8148843,0.020499503,0.77384245,0.8541675,797701.0
PA-10,0.80142874,0.02117366,0.75977176,0.8428047,792544.0
PA-11,0.81255853,0.020462113,0.7720861,0.85168767,781872.0
PA-12,0.7882277,0.021881359,0.74557585,0.8313343,754674.0
PA-13,0.815113,0.02047183,0.7741602,0.85447514,792899.0
PA-14,0.81135666,0.020582886,0.7701582,0.85102195,767341.0
PA-15,0.81453687,0.02039002,0.7738771,0.854111,778819.0
PA-16,0.80992067,0.020592269,0.7690699,0.84927666,758941.0
PA-17,0.79479957,0.021497862,0.75252795,0.83656454,753367.0
RI-01,0.77249634,0.03425123,0.69707435,0.83393705,556794.0
RI-02,0.7732815,0.03415082,0.6977091,0.83466613,556679.0
SC-01,0.82365406,0.024616,0.7786234,0.8736715,797423.0
SC-02,0.8216637,0.024781954,0.7758208,0.87186366,764379.0
SC-03,0.8387807,0.023109978,0.79645485,0.88531625,766744.0
SC-04,0.83337224,0.023694063,0.78985137,0.88114184,810342.0
SC-05,0.83022046,0.023976529,0.7858303,0.8786934,782705.0
SC-06,0.8082525,0.026532363,0.76053846,0.8620936,762971.0
SC-07,0.82552207,0.024582632,0.78022915,0.8750896,794116.0
SD-00,0.79411197,0.0310316,0.730801,0.85381097,924668.0
TN-01,0.8489351,0.019987883,0.8111594,0.8880002,806544.0
TN-02,0.841894,0.020505331,0.8034978,0.8822974,813874.0
TN-03,0.8422814,0.020426774,0.8037552,0.8823967,809822.0
TN-04,0.84644777,0.020072175,0.80843216,0.8855763,826459.0
TN-05,0.8280836,0.021733247,0.78749925,0.870985,835178.0
TN-06,0.84420896,0.020235917,0.80606264,0.8838846,803126.0
TN-07,0.83572006,0.02091929,0.79664797,0.8768117,816221.0
TN-08,0.83173,0.02137638,0.79172385,0.87404203,774949.0
TN-09,0.79272723,0.02660469,0.74226093,0.8450614,749913.0
TX-01,0.8214808,0.015718589,0.7909492,0.85236734,795914.0
TX-02,0.81531745,0.01615184,0.7837758,0.846631,882044.0
TX-03,0.8108489,0.016719181,0.7781115,0.8437195,920586.0
TX-04,0.8196892,0.015975794,0.7884106,0.85123885,874620.0
TX-05,0.8211944,0.01596353,0.7899056,0.85223347,856420.0
TX-06,0.8206783,0.015865186,0.7896634,0.85159004,848544.0
TX-07,0.79979426,0.017562332,0.7650408,0.8348377,770248.0
TX-08,0.81673586,0.016068107,0.78543866,0.84786314,946784.0
TX-09,0.79049,0.018456709,0.75472224,0.8268718,822784.0
TX-10,0.8158351,0.015952745,0.78478646,0.8470471,832966.0
TX-11,0.82449114,0.015962768,0.7932295,0.85532385,801997.0
TX-12,0.82428336,0.0154496115,0.79420996,0.8545276,852228.0
TX-13,0.83082527,0.015201484,0.80104494,0.85999167,799821.0
TX-14,0.82172537,0.01564842,0.7911497,0.8525447,787853.0
TX-15,0.81967676,0.018739466,0.78194433,0.8551543,812529.0
TX-16,0.8089334,0.019389397,0.7705297,0.8458515,784152.0
TX-17,0.81969565,0.015685862,0.78923196,0.85040283,798332.0
TX-18,0.8021814,0.01752689,0.7676227,0.83627826,825562.0
TX-19,0.83010685,0.015539589,0.79923284,0.8600301,787118.0
TX-20,0.8167636,0.017934574,0.78120106,0.851149,766762.0
TX-21,0.80611694,0.016540725,0.7740055,0.83827305,845967.0
TX-22,0.8054699,0.017007768,0.7722945,0.8387543,894651.0
TX-23,0.8192264,0.017298367,0.7848162,0.8523049,805994.0
TX-24,0.81114805,0.016434701,0.77938825,0.84336954,772864.0
TX-25,0.82022166,0.015658367,0.7895814,0.8510479,826400.0
TX-26,0.813218,0.016328301,0.7812971,0.8454135,884673.0
TX-27,0.81988704,0.016748916,0.78641284,0.85229814,794553.0
TX-28,0.8188135,0.01817557,0.78253776,0.8533944,828120.0
TX-29,0.81956846,0.018089738,0.7836087,0.8540698,785766.0
TX-30,0.7890727,0.018318176,0.7537907,0.825369,788933.0
TX-31,0.822794,0.015610841,0.792287,0.85347193,901417.0
TX-32,0.8050337,0.016869968,0.77209085,0.83816177,766035.0
TX-33,0.8173375,0.017267013,0.7830659,0.8503914,790800.0
TX-34,0.81778246,0.019537512,0.7789838,0.85455626,811032.0
TX-35,0.81753033,0.016505027,0.78474253,0.8496197,873186.0
TX-36,0.82458234,0.015707906,0.7937297,0.855043,816135.0
TX-37,0.8054037,0.016821485,0.77249426,0.8384009,776146.0
TX-38,0.80846167,0.016567767,0.7764343,0.84085804,810767.0
UT-01,0.78024554,0.028024735,0.71847165,0.83037275,871885.0
UT-02,0.7764835,0.028367847,0.7138416,0.8270025,881182.0
UT-03,0.77218,0.028537298,0.70953596,0.8231536,830265.0
UT-04,0.7865101,0.02778857,0.72545654,0.83620983,920858.0
VA-01,0.77809864,0.024653727,0.7242868,0.8198567,823755.0
VA-02,0.7786827,0.024775777,0.7247858,0.8209149,788036.0
VA-03,0.7620471,0.02685691,0.70324785,0.8080837,775311.0
VA-04,0.7576492,0.02689439,0.6986726,0.80352986,810530.0
VA-05,0.7821438,0.02453619,0.7286128,0.8236058,805289.0
VA-06,0.8023078,0.023256818,0.75131667,0.8412203,797798.0
VA-07,0.78199244,0.024869999,0.7280947,0.8245122,825409.0
VA-08,0.76645005,0.025907943,0.7105787,0.8106566,788777.0
VA-09,0.80531085,0.022988819,0.7549252,0.84409034,789057.0
VA-10,0.7817717,0.02509827,0.7278255,0.82473034,821146.0
VA-11,0.76572925,0.026253594,0.70944345,0.8109762,792714.0
VT-00,0.77061045,0.035583884,0.6895339,0.8339742,648585.0
WA-01,0.75303864,0.02709919,0.69410735,0.8019625,810476.0
WA-02,0.753444,0.02623813,0.6963773,0.80030197,790108.0
WA-03,0.7694343,0.02540636,0.7145024,0.8148844,802801.0
WA-04,0.7665478,0.026793396,0.70894057,0.8140819,795521.0
WA-05,0.76726896,0.025465138,0.71237916,0.81291145,801747.0
WA-06,0.75448,0.026151454,0.69782877,0.8015122,800608.0
WA-07,0.73334205,0.027654028,0.67393094,0.78328705,815123.0
WA-08,0.75964284,0.026172547,0.7030021,0.8062922,794868.0
WA-09,0.74311686,0.027824402,0.6833017,0.79272497,776917.0
WA-10,0.76044565,0.025944028,0.7040165,0.8066471,777325.0
WI-01,0.765683,0.024657918,0.71327823,0.81107616,739669.0
WI-02,0.7556658,0.025013132,0.70227313,0.801612,763418.0
WI-03,0.7775273,0.023715528,0.7268706,0.8210984,740819.0
WI-04,0.73355263,0.027708225,0.67571336,0.7858807,722785.0
WI-05,0.76147664,0.024665248,0.70885426,0.80658203,750316.0
WI-06,0.7744145,0.023960754,0.7233427,0.8183943,742999.0
WI-07,0.7737983,0.023976263,0.7226069,0.817641,754074.0
WI-08,0.7763475,0.023852265,0.7252636,0.8202389,747170.0
WV-01,0.8356835,0.026414579,0.78130746,0.88658524,881908.0
WV-02,0.83442,0.026521973,0.77926344,0.88567644,910606.0
WY-00,0.7813455,0.033227798,0.7116515,0.8456383,588050.0
